Workbook

Sheet Mid & Assgn - A
A1: ANIL NEERUKONDA INSTITUTE OF TECHNOLOGY AND SCIENCES
A3: Department of Computer Science Engineering (Artificial Intelligence & Machine Learning)
A5: Course Outcome & Program Outcome Attainment - INTERNAL EXAMS
A7: ACADEMIC YEAR: 2025-26 | D7: BATCH: 2025-2029 | L7: COURSE CODE & TITLE: 23CM9201 - JAVA PROGRAMMING PRACTICES
A8: COURSE OUTCOMES: CO1 – CO4 | D8: YEAR, BRANCH & SECTION: 2/4 CSM-A | L8: CO TARGET: 2.25
A9: COURSE INSTRUCTOR(S): MR. S.YOGANANDH | D9: Total No. of Students: 75
A11: S No | B11: Register No. | C11: Student Name | D11: MID - 1 | N11: MID - 2 | Z11: Internal Lab | AC11: Weekly Analysis (10) | AD11: Record (10) | AE11: Attendance (5)
D12: CO1 | J12: CO2 | N12: CO3 | T12: CO4 | Z12: CO1 – CO4
D13: Q 1 | G13: Q 2 | J13: Q 3 | L13: Q 4 | N13: Q 1 | Q13: Q 2 | T13: Q 3 | W13: Q 4 | Z13: Write Up (10) | AA13: Execution (5) | AB13: Viva (5)
D14: a | E14: b | F14: c | G14: a | H14: b | I14: c | J14: a | K14: b | L14: a | M14: b | N14: a | O14: b | P14: c | Q14: a | R14: b | S14: c | T14: a | U14: b | V14: c | W14: a | X14: b | Y14: c
D15: 5 | E15: 5 | F15: 5 | G15: 5 | H15: 5 | I15: 5 | J15: 7 | K15: 8 | L15: 7 | M15: 8 | N15: 5 | O15: 5 | P15: 5 | Q15: 5 | R15: 5 | S15: 5 | T15: 5 | U15: 5 | V15: 5 | W15: 5 | X15: 5 | Y15: 5
A17: 1
A18: 2
A19: 3
A20: 4
A21: 5
A22: 6
A23: 7
A24: 8
A25: 9
A26: 10
A27: 11
A28: 12
... A91: 75
A92: CLASS AVERAGE | D92: =IFERROR(AVERAGE(D17:D91),"") | E92: =IFERROR(AVERAGE(E17:E91),"") | F92: =IFERROR(AVERAGE(F17:F91),"") | G92: =IFERROR(AVERAGE(G17:G91),"") | H92: =IFERROR(AVERAGE(H17:H91),"") | I92: =IFERROR(AVERAGE(I17:I91),"") | J92: =IFERROR(AVERAGE(J17:J91),"") | K92: =IFERROR(AVERAGE(K17:K91),"") | ... AE92: =IFERROR(AVERAGE(AE17:AE91),"")
A94: COURSE OUTCOME DEFINITIONS
A95: CO1: Recall the history of Java & demonstrate basic programs using Java language fundamentals
A96: CO2: Apply OOP concepts — classes, inheritance, polymorphism, wrapper classes, packages & strings
A97: CO3: Implement exception handling, multithreading & I/O stream operations
A98: CO4: Develop applications using Collections framework & Java standard libraries

Sheet CO Attainment - A
A1: ANIL NEERUKONDA INSTITUTE OF TECHNOLOGY AND SCIENCES
A3: Department of Computer Science Engineering (Artificial Intelligence & Machine Learning)
A5: Course Outcome & Program Outcome Attainment - INTERNAL EXAMS
A7: ACADEMIC YEAR: 2025-26 | D7: BATCH: 2025-2029 | L7: COURSE CODE: 23CM9201 - JAVA PROGRAMMING PRACTICES
A8: COURSE OUTCOMES: CO1 – CO4 | D8: YEAR, BRANCH & SECTION: 2/4 CSM-A | L8: CO TARGET: 2.25
A9: COURSE INSTRUCTOR(S): MR. S.YOGANANDH | D9: Total No. of Students: 75
A11: S No | B11: Register No. | C11: Student Name | D11: MID-1 (30M) | H11: MID-2 (30M) | L11: Internal Lab (20M) | O11: Weekly Analysis (10M) | P11: Record (10M) | Q11: Attendance (5M) | R11: Student-wise CO Attainment (3-Point Scale) | V11: External Lab Exam (CO1–CO4) | Z11: Internal Total | AA11: Overall Attainment
D12: CO1 (30M) | E12: CO2 (30M) | F12: Total (30M) | G12: Scaled (15M) | H12: CO3 (30M) | I12: CO4 (30M) | J12: Total (30M) | K12: Scaled (15M) | L12: Write Up (10M) | M12: Execution (5M) | N12: Viva (5M) | R12: CO1 | S12: CO2 | T12: CO3 | U12: CO4 | V12: CO1 | W12: CO2 | X12: CO3 | Y12: CO4
D13: Marks | E13: Marks | H13: Marks | I13: Marks
A14: 1 | B14: ='Mid & Assgn - A'!B17 -> 0 | C14: ='Mid & Assgn - A'!C17 -> 0 | D14: =IFERROR(SUM('Mid & Assgn - A'!D17:I17),0) -> 0 | E14: =IFERROR(SUM('Mid & Assgn - A'!J17:M17),0) -> 0 | F14: =D14+E14 -> 0 | G14: =IFERROR(ROUND(F14/30*15,2),0) -> 0 | H14: =IFERROR(SUM('Mid & Assgn - A'!N17:S17),0) -> 0 | I14: =IFERROR(SUM('Mid & Assgn - A'!T17:Y17),0) -> 0 | J14: =H14+I14 -> 0 | K14: =IFERROR(ROUND(J14/30*15,2),0) -> 0 | L14: ='Mid & Assgn - A'!Z17 -> 0 | M14: ='Mid & Assgn - A'!AA17 -> 0 | N14: ='Mid & Assgn - A'!AB17 -> 0 | O14: ='Mid & Assgn - A'!AC17 -> 0 | P14: ='Mid & Assgn - A'!AD17 -> 0 | Q14: ='Mid & Assgn - A'!AE17 -> 0 | R14: =IF(D14/30>=0.7,3,IF(D14/30>=0.5,2,IF(D14/30>=0.35,1,0))) -> 0 | S14: =IF(E14/30>=0.7,3,IF(E14/30>=0.5,2,IF(E14/30>=0.35,1,0))) -> 0 | T14: =IF(H14/30>=0.7,3,IF(H14/30>=0.5,2,IF(H14/30>=0.35,1,0))) -> 0 | U14: =IF(I14/30>=0.7,3,IF(I14/30>=0.5,2,IF(I14/30>=0.35,1,0))) -> 0 | Z14: =G14+K14+L14+M14+N14+O14+P14 -> 0 | AA14: =IFERROR(AVERAGE(R14:U14),0) -> 0
A15: 2 | B15: ='Mid & Assgn - A'!B18 -> 0 | C15: ='Mid & Assgn - A'!C18 -> 0 | D15: =IFERROR(SUM('Mid & Assgn - A'!D18:I18),0) -> 0 | E15: =IFERROR(SUM('Mid & Assgn - A'!J18:M18),0) -> 0 | F15: =D15+E15 -> 0 | G15: =IFERROR(ROUND(F15/30*15,2),0) -> 0 | H15: =IFERROR(SUM('Mid & Assgn - A'!N18:S18),0) -> 0 | I15: =IFERROR(SUM('Mid & Assgn - A'!T18:Y18),0) -> 0 | J15: =H15+I15 -> 0 | K15: =IFERROR(ROUND(J15/30*15,2),0) -> 0 | L15: ='Mid & Assgn - A'!Z18 -> 0 | M15: ='Mid & Assgn - A'!AA18 -> 0 | N15: ='Mid & Assgn - A'!AB18 -> 0 | O15: ='Mid & Assgn - A'!AC18 -> 0 | P15: ='Mid & Assgn - A'!AD18 -> 0 | Q15: ='Mid & Assgn - A'!AE18 -> 0 | R15: =IF(D15/30>=0.7,3,IF(D15/30>=0.5,2,IF(D15/30>=0.35,1,0))) -> 0 | S15: =IF(E15/30>=0.7,3,IF(E15/30>=0.5,2,IF(E15/30>=0.35,1,0))) -> 0 | T15: =IF(H15/30>=0.7,3,IF(H15/30>=0.5,2,IF(H15/30>=0.35,1,0))) -> 0 | U15: =IF(I15/30>=0.7,3,IF(I15/30>=0.5,2,IF(I15/30>=0.35,1,0))) -> 0 | Z15: =G15+K15+L15+M15+N15+O15+P15 -> 0 | AA15: =IFERROR(AVERAGE(R15:U15),0) -> 0
A16: 3 | B16: ='Mid & Assgn - A'!B19 -> 0 | C16: ='Mid & Assgn - A'!C19 -> 0 | D16: =IFERROR(SUM('Mid & Assgn - A'!D19:I19),0) -> 0 | E16: =IFERROR(SUM('Mid & Assgn - A'!J19:M19),0) -> 0 | F16: =D16+E16 -> 0 | G16: =IFERROR(ROUND(F16/30*15,2),0) -> 0 | H16: =IFERROR(SUM('Mid & Assgn - A'!N19:S19),0) -> 0 | I16: =IFERROR(SUM('Mid & Assgn - A'!T19:Y19),0) -> 0 | J16: =H16+I16 -> 0 | K16: =IFERROR(ROUND(J16/30*15,2),0) -> 0 | L16: ='Mid & Assgn - A'!Z19 -> 0 | M16: ='Mid & Assgn - A'!AA19 -> 0 | N16: ='Mid & Assgn - A'!AB19 -> 0 | O16: ='Mid & Assgn - A'!AC19 -> 0 | P16: ='Mid & Assgn - A'!AD19 -> 0 | Q16: ='Mid & Assgn - A'!AE19 -> 0 | R16: =IF(D16/30>=0.7,3,IF(D16/30>=0.5,2,IF(D16/30>=0.35,1,0))) -> 0 | S16: =IF(E16/30>=0.7,3,IF(E16/30>=0.5,2,IF(E16/30>=0.35,1,0))) -> 0 | T16: =IF(H16/30>=0.7,3,IF(H16/30>=0.5,2,IF(H16/30>=0.35,1,0))) -> 0 | U16: =IF(I16/30>=0.7,3,IF(I16/30>=0.5,2,IF(I16/30>=0.35,1,0))) -> 0 | Z16: =G16+K16+L16+M16+N16+O16+P16 -> 0 | AA16: =IFERROR(AVERAGE(R16:U16),0) -> 0
A17: 4 | B17: ='Mid & Assgn - A'!B20 -> 0 | C17: ='Mid & Assgn - A'!C20 -> 0 | D17: =IFERROR(SUM('Mid & Assgn - A'!D20:I20),0) -> 0 | E17: =IFERROR(SUM('Mid & Assgn - A'!J20:M20),0) -> 0 | F17: =D17+E17 -> 0 | G17: =IFERROR(ROUND(F17/30*15,2),0) -> 0 | H17: =IFERROR(SUM('Mid & Assgn - A'!N20:S20),0) -> 0 | I17: =IFERROR(SUM('Mid & Assgn - A'!T20:Y20),0) -> 0 | J17: =H17+I17 -> 0 | K17: =IFERROR(ROUND(J17/30*15,2),0) -> 0 | L17: ='Mid & Assgn - A'!Z20 -> 0 | M17: ='Mid & Assgn - A'!AA20 -> 0 | N17: ='Mid & Assgn - A'!AB20 -> 0 | O17: ='Mid & Assgn - A'!AC20 -> 0 | P17: ='Mid & Assgn - A'!AD20 -> 0 | Q17: ='Mid & Assgn - A'!AE20 -> 0 | R17: =IF(D17/30>=0.7,3,IF(D17/30>=0.5,2,IF(D17/30>=0.35,1,0))) -> 0 | S17: =IF(E17/30>=0.7,3,IF(E17/30>=0.5,2,IF(E17/30>=0.35,1,0))) -> 0 | T17: =IF(H17/30>=0.7,3,IF(H17/30>=0.5,2,IF(H17/30>=0.35,1,0))) -> 0 | U17: =IF(I17/30>=0.7,3,IF(I17/30>=0.5,2,IF(I17/30>=0.35,1,0))) -> 0 | Z17: =G17+K17+L17+M17+N17+O17+P17 -> 0 | AA17: =IFERROR(AVERAGE(R17:U17),0) -> 0
A18: 5 | B18: ='Mid & Assgn - A'!B21 -> 0 | C18: ='Mid & Assgn - A'!C21 -> 0 | D18: =IFERROR(SUM('Mid & Assgn - A'!D21:I21),0) -> 0 | E18: =IFERROR(SUM('Mid & Assgn - A'!J21:M21),0) -> 0 | F18: =D18+E18 -> 0 | G18: =IFERROR(ROUND(F18/30*15,2),0) -> 0 | H18: =IFERROR(SUM('Mid & Assgn - A'!N21:S21),0) -> 0 | I18: =IFERROR(SUM('Mid & Assgn - A'!T21:Y21),0) -> 0 | J18: =H18+I18 -> 0 | K18: =IFERROR(ROUND(J18/30*15,2),0) -> 0 | L18: ='Mid & Assgn - A'!Z21 -> 0 | M18: ='Mid & Assgn - A'!AA21 -> 0 | N18: ='Mid & Assgn - A'!AB21 -> 0 | O18: ='Mid & Assgn - A'!AC21 -> 0 | P18: ='Mid & Assgn - A'!AD21 -> 0 | Q18: ='Mid & Assgn - A'!AE21 -> 0 | R18: =IF(D18/30>=0.7,3,IF(D18/30>=0.5,2,IF(D18/30>=0.35,1,0))) -> 0 | S18: =IF(E18/30>=0.7,3,IF(E18/30>=0.5,2,IF(E18/30>=0.35,1,0))) -> 0 | T18: =IF(H18/30>=0.7,3,IF(H18/30>=0.5,2,IF(H18/30>=0.35,1,0))) -> 0 | U18: =IF(I18/30>=0.7,3,IF(I18/30>=0.5,2,IF(I18/30>=0.35,1,0))) -> 0 | Z18: =G18+K18+L18+M18+N18+O18+P18 -> 0 | AA18: =IFERROR(AVERAGE(R18:U18),0) -> 0
A19: 6 | B19: ='Mid & Assgn - A'!B22 -> 0 | C19: ='Mid & Assgn - A'!C22 -> 0 | D19: =IFERROR(SUM('Mid & Assgn - A'!D22:I22),0) -> 0 | E19: =IFERROR(SUM('Mid & Assgn - A'!J22:M22),0) -> 0 | F19: =D19+E19 -> 0 | G19: =IFERROR(ROUND(F19/30*15,2),0) -> 0 | H19: =IFERROR(SUM('Mid & Assgn - A'!N22:S22),0) -> 0 | I19: =IFERROR(SUM('Mid & Assgn - A'!T22:Y22),0) -> 0 | J19: =H19+I19 -> 0 | K19: =IFERROR(ROUND(J19/30*15,2),0) -> 0 | L19: ='Mid & Assgn - A'!Z22 -> 0 | M19: ='Mid & Assgn - A'!AA22 -> 0 | N19: ='Mid & Assgn - A'!AB22 -> 0 | O19: ='Mid & Assgn - A'!AC22 -> 0 | P19: ='Mid & Assgn - A'!AD22 -> 0 | Q19: ='Mid & Assgn - A'!AE22 -> 0 | R19: =IF(D19/30>=0.7,3,IF(D19/30>=0.5,2,IF(D19/30>=0.35,1,0))) -> 0 | S19: =IF(E19/30>=0.7,3,IF(E19/30>=0.5,2,IF(E19/30>=0.35,1,0))) -> 0 | T19: =IF(H19/30>=0.7,3,IF(H19/30>=0.5,2,IF(H19/30>=0.35,1,0))) -> 0 | U19: =IF(I19/30>=0.7,3,IF(I19/30>=0.5,2,IF(I19/30>=0.35,1,0))) -> 0 | Z19: =G19+K19+L19+M19+N19+O19+P19 -> 0 | AA19: =IFERROR(AVERAGE(R19:U19),0) -> 0
A20: 7 | B20: ='Mid & Assgn - A'!B23 -> 0 | C20: ='Mid & Assgn - A'!C23 -> 0 | D20: =IFERROR(SUM('Mid & Assgn - A'!D23:I23),0) -> 0 | E20: =IFERROR(SUM('Mid & Assgn - A'!J23:M23),0) -> 0 | F20: =D20+E20 -> 0 | G20: =IFERROR(ROUND(F20/30*15,2),0) -> 0 | H20: =IFERROR(SUM('Mid & Assgn - A'!N23:S23),0) -> 0 | I20: =IFERROR(SUM('Mid & Assgn - A'!T23:Y23),0) -> 0 | J20: =H20+I20 -> 0 | K20: =IFERROR(ROUND(J20/30*15,2),0) -> 0 | L20: ='Mid & Assgn - A'!Z23 -> 0 | M20: ='Mid & Assgn - A'!AA23 -> 0 | N20: ='Mid & Assgn - A'!AB23 -> 0 | O20: ='Mid & Assgn - A'!AC23 -> 0 | P20: ='Mid & Assgn - A'!AD23 -> 0 | Q20: ='Mid & Assgn - A'!AE23 -> 0 | R20: =IF(D20/30>=0.7,3,IF(D20/30>=0.5,2,IF(D20/30>=0.35,1,0))) -> 0 | S20: =IF(E20/30>=0.7,3,IF(E20/30>=0.5,2,IF(E20/30>=0.35,1,0))) -> 0 | T20: =IF(H20/30>=0.7,3,IF(H20/30>=0.5,2,IF(H20/30>=0.35,1,0))) -> 0 | U20: =IF(I20/30>=0.7,3,IF(I20/30>=0.5,2,IF(I20/30>=0.35,1,0))) -> 0 | Z20: =G20+K20+L20+M20+N20+O20+P20 -> 0 | AA20: =IFERROR(AVERAGE(R20:U20),0) -> 0
A21: 8 | B21: ='Mid & Assgn - A'!B24 -> 0 | C21: ='Mid & Assgn - A'!C24 -> 0 | D21: =IFERROR(SUM('Mid & Assgn - A'!D24:I24),0) -> 0 | E21: =IFERROR(SUM('Mid & Assgn - A'!J24:M24),0) -> 0 | F21: =D21+E21 -> 0 | G21: =IFERROR(ROUND(F21/30*15,2),0) -> 0 | H21: =IFERROR(SUM('Mid & Assgn - A'!N24:S24),0) -> 0 | I21: =IFERROR(SUM('Mid & Assgn - A'!T24:Y24),0) -> 0 | J21: =H21+I21 -> 0 | K21: =IFERROR(ROUND(J21/30*15,2),0) -> 0 | L21: ='Mid & Assgn - A'!Z24 -> 0 | M21: ='Mid & Assgn - A'!AA24 -> 0 | N21: ='Mid & Assgn - A'!AB24 -> 0 | O21: ='Mid & Assgn - A'!AC24 -> 0 | P21: ='Mid & Assgn - A'!AD24 -> 0 | Q21: ='Mid & Assgn - A'!AE24 -> 0 | R21: =IF(D21/30>=0.7,3,IF(D21/30>=0.5,2,IF(D21/30>=0.35,1,0))) -> 0 | S21: =IF(E21/30>=0.7,3,IF(E21/30>=0.5,2,IF(E21/30>=0.35,1,0))) -> 0 | T21: =IF(H21/30>=0.7,3,IF(H21/30>=0.5,2,IF(H21/30>=0.35,1,0))) -> 0 | U21: =IF(I21/30>=0.7,3,IF(I21/30>=0.5,2,IF(I21/30>=0.35,1,0))) -> 0 | Z21: =G21+K21+L21+M21+N21+O21+P21 -> 0 | AA21: =IFERROR(AVERAGE(R21:U21),0) -> 0
A22: 9 | B22: ='Mid & Assgn - A'!B25 -> 0 | C22: ='Mid & Assgn - A'!C25 -> 0 | D22: =IFERROR(SUM('Mid & Assgn - A'!D25:I25),0) -> 0 | E22: =IFERROR(SUM('Mid & Assgn - A'!J25:M25),0) -> 0 | F22: =D22+E22 -> 0 | G22: =IFERROR(ROUND(F22/30*15,2),0) -> 0 | H22: =IFERROR(SUM('Mid & Assgn - A'!N25:S25),0) -> 0 | I22: =IFERROR(SUM('Mid & Assgn - A'!T25:Y25),0) -> 0 | J22: =H22+I22 -> 0 | K22: =IFERROR(ROUND(J22/30*15,2),0) -> 0 | L22: ='Mid & Assgn - A'!Z25 -> 0 | M22: ='Mid & Assgn - A'!AA25 -> 0 | N22: ='Mid & Assgn - A'!AB25 -> 0 | O22: ='Mid & Assgn - A'!AC25 -> 0 | P22: ='Mid & Assgn - A'!AD25 -> 0 | Q22: ='Mid & Assgn - A'!AE25 -> 0 | R22: =IF(D22/30>=0.7,3,IF(D22/30>=0.5,2,IF(D22/30>=0.35,1,0))) -> 0 | S22: =IF(E22/30>=0.7,3,IF(E22/30>=0.5,2,IF(E22/30>=0.35,1,0))) -> 0 | T22: =IF(H22/30>=0.7,3,IF(H22/30>=0.5,2,IF(H22/30>=0.35,1,0))) -> 0 | U22: =IF(I22/30>=0.7,3,IF(I22/30>=0.5,2,IF(I22/30>=0.35,1,0))) -> 0 | Z22: =G22+K22+L22+M22+N22+O22+P22 -> 0 | AA22: =IFERROR(AVERAGE(R22:U22),0) -> 0
A23: 10 | B23: ='Mid & Assgn - A'!B26 -> 0 | C23: ='Mid & Assgn - A'!C26 -> 0 | D23: =IFERROR(SUM('Mid & Assgn - A'!D26:I26),0) -> 0 | E23: =IFERROR(SUM('Mid & Assgn - A'!J26:M26),0) -> 0 | F23: =D23+E23 -> 0 | G23: =IFERROR(ROUND(F23/30*15,2),0) -> 0 | H23: =IFERROR(SUM('Mid & Assgn - A'!N26:S26),0) -> 0 | I23: =IFERROR(SUM('Mid & Assgn - A'!T26:Y26),0) -> 0 | J23: =H23+I23 -> 0 | K23: =IFERROR(ROUND(J23/30*15,2),0) -> 0 | L23: ='Mid & Assgn - A'!Z26 -> 0 | M23: ='Mid & Assgn - A'!AA26 -> 0 | N23: ='Mid & Assgn - A'!AB26 -> 0 | O23: ='Mid & Assgn - A'!AC26 -> 0 | P23: ='Mid & Assgn - A'!AD26 -> 0 | Q23: ='Mid & Assgn - A'!AE26 -> 0 | R23: =IF(D23/30>=0.7,3,IF(D23/30>=0.5,2,IF(D23/30>=0.35,1,0))) -> 0 | S23: =IF(E23/30>=0.7,3,IF(E23/30>=0.5,2,IF(E23/30>=0.35,1,0))) -> 0 | T23: =IF(H23/30>=0.7,3,IF(H23/30>=0.5,2,IF(H23/30>=0.35,1,0))) -> 0 | U23: =IF(I23/30>=0.7,3,IF(I23/30>=0.5,2,IF(I23/30>=0.35,1,0))) -> 0 | Z23: =G23+K23+L23+M23+N23+O23+P23 -> 0 | AA23: =IFERROR(AVERAGE(R23:U23),0) -> 0
A24: 11 | B24: ='Mid & Assgn - A'!B27 -> 0 | C24: ='Mid & Assgn - A'!C27 -> 0 | D24: =IFERROR(SUM('Mid & Assgn - A'!D27:I27),0) -> 0 | E24: =IFERROR(SUM('Mid & Assgn - A'!J27:M27),0) -> 0 | F24: =D24+E24 -> 0 | G24: =IFERROR(ROUND(F24/30*15,2),0) -> 0 | H24: =IFERROR(SUM('Mid & Assgn - A'!N27:S27),0) -> 0 | I24: =IFERROR(SUM('Mid & Assgn - A'!T27:Y27),0) -> 0 | J24: =H24+I24 -> 0 | K24: =IFERROR(ROUND(J24/30*15,2),0) -> 0 | L24: ='Mid & Assgn - A'!Z27 -> 0 | M24: ='Mid & Assgn - A'!AA27 -> 0 | N24: ='Mid & Assgn - A'!AB27 -> 0 | O24: ='Mid & Assgn - A'!AC27 -> 0 | P24: ='Mid & Assgn - A'!AD27 -> 0 | Q24: ='Mid & Assgn - A'!AE27 -> 0 | R24: =IF(D24/30>=0.7,3,IF(D24/30>=0.5,2,IF(D24/30>=0.35,1,0))) -> 0 | S24: =IF(E24/30>=0.7,3,IF(E24/30>=0.5,2,IF(E24/30>=0.35,1,0))) -> 0 | T24: =IF(H24/30>=0.7,3,IF(H24/30>=0.5,2,IF(H24/30>=0.35,1,0))) -> 0 | U24: =IF(I24/30>=0.7,3,IF(I24/30>=0.5,2,IF(I24/30>=0.35,1,0))) -> 0 | Z24: =G24+K24+L24+M24+N24+O24+P24 -> 0 | AA24: =IFERROR(AVERAGE(R24:U24),0) -> 0
A25: 12 | B25: ='Mid & Assgn - A'!B28 -> 0 | C25: ='Mid & Assgn - A'!C28 -> 0 | D25: =IFERROR(SUM('Mid & Assgn - A'!D28:I28),0) -> 0 | E25: =IFERROR(SUM('Mid & Assgn - A'!J28:M28),0) -> 0 | F25: =D25+E25 -> 0 | G25: =IFERROR(ROUND(F25/30*15,2),0) -> 0 | H25: =IFERROR(SUM('Mid & Assgn - A'!N28:S28),0) -> 0 | I25: =IFERROR(SUM('Mid & Assgn - A'!T28:Y28),0) -> 0 | J25: =H25+I25 -> 0 | K25: =IFERROR(ROUND(J25/30*15,2),0) -> 0 | L25: ='Mid & Assgn - A'!Z28 -> 0 | M25: ='Mid & Assgn - A'!AA28 -> 0 | N25: ='Mid & Assgn - A'!AB28 -> 0 | O25: ='Mid & Assgn - A'!AC28 -> 0 | P25: ='Mid & Assgn - A'!AD28 -> 0 | Q25: ='Mid & Assgn - A'!AE28 -> 0 | R25: =IF(D25/30>=0.7,3,IF(D25/30>=0.5,2,IF(D25/30>=0.35,1,0))) -> 0 | S25: =IF(E25/30>=0.7,3,IF(E25/30>=0.5,2,IF(E25/30>=0.35,1,0))) -> 0 | T25: =IF(H25/30>=0.7,3,IF(H25/30>=0.5,2,IF(H25/30>=0.35,1,0))) -> 0 | U25: =IF(I25/30>=0.7,3,IF(I25/30>=0.5,2,IF(I25/30>=0.35,1,0))) -> 0 | Z25: =G25+K25+L25+M25+N25+O25+P25 -> 0 | AA25: =IFERROR(AVERAGE(R25:U25),0) -> 0
... A88: 75 | B88: ='Mid & Assgn - A'!B91 -> 0 | C88: ='Mid & Assgn - A'!C91 -> 0 | D88: =IFERROR(SUM('Mid & Assgn - A'!D91:I91),0) -> 0 | E88: =IFERROR(SUM('Mid & Assgn - A'!J91:M91),0) -> 0 | F88: =D88+E88 -> 0 | G88: =IFERROR(ROUND(F88/30*15,2),0) -> 0 | H88: =IFERROR(SUM('Mid & Assgn - A'!N91:S91),0) -> 0 | I88: =IFERROR(SUM('Mid & Assgn - A'!T91:Y91),0) -> 0 | J88: =H88+I88 -> 0 | K88: =IFERROR(ROUND(J88/30*15,2),0) -> 0 | L88: ='Mid & Assgn - A'!Z91 -> 0 | M88: ='Mid & Assgn - A'!AA91 -> 0 | N88: ='Mid & Assgn - A'!AB91 -> 0 | O88: ='Mid & Assgn - A'!AC91 -> 0 | P88: ='Mid & Assgn - A'!AD91 -> 0 | Q88: ='Mid & Assgn - A'!AE91 -> 0 | R88: =IF(D88/30>=0.7,3,IF(D88/30>=0.5,2,IF(D88/30>=0.35,1,0))) -> 0 | S88: =IF(E88/30>=0.7,3,IF(E88/30>=0.5,2,IF(E88/30>=0.35,1,0))) -> 0 | T88: =IF(H88/30>=0.7,3,IF(H88/30>=0.5,2,IF(H88/30>=0.35,1,0))) -> 0 | U88: =IF(I88/30>=0.7,3,IF(I88/30>=0.5,2,IF(I88/30>=0.35,1,0))) -> 0 | Z88: =G88+K88+L88+M88+N88+O88+P88 -> 0 | AA88: =IFERROR(AVERAGE(R88:U88),0) -> 0
A89: CLASS CO ATTAINMENT | D89: =IFERROR(AVERAGE(D14:D88),"") -> 0 | E89: =IFERROR(AVERAGE(E14:E88),"") -> 0 | F89: =IFERROR(AVERAGE(F14:F88),"") -> 0 | G89: =IFERROR(AVERAGE(G14:G88),"") -> 0 | H89: =IFERROR(AVERAGE(H14:H88),"") -> 0 | I89: =IFERROR(AVERAGE(I14:I88),"") -> 0 | J89: =IFERROR(AVERAGE(J14:J88),"") -> 0 | K89: =IFERROR(AVERAGE(K14:K88),"") -> 0 | ... AA89: =IFERROR(AVERAGE(AA14:AA88),"") -> 0
A91: CO-PO / CO-PSO MAPPING MATRIX
A92: CO \ PO | B92: PO1 | C92: PO2 | D92: PO3 | E92: PO4 | F92: PO5 | G92: PO6 | H92: PO7 | I92: PO8 | J92: PO9 | K92: PO10 | L92: PO11 | M92: PO12 | N92: PSO1 | O92: PSO2 | P92: CO Attainment
A93: CO1 | B93: 3 | C93: 2 | M93: 1 | N93: 3 | O93: 2 | P93: =R89 -> 0
A94: CO2 | B94: 3 | C94: 3 | D94: 2 | M94: 1 | N94: 3 | O94: 2 | P94: =S89 -> 0
A95: CO3 | B95: 3 | C95: 2 | D95: 3 | E95: 1 | M95: 1 | N95: 3 | O95: 2 | P95: =T89 -> 0
A96: CO4 | B96: 3 | C96: 2 | D96: 2 | E96: 1 | F96: 2 | M96: 1 | N96: 3 | O96: 3 | P96: =U89 -> 0
A97: CO TARGET | B97: 2.25 | C97: 2.25 | D97: 2.25 | E97: 2.25 | F97: 2.25 | G97: 2.25 | H97: 2.25 | I97: 2.25 | J97: 2.25 | K97: 2.25 | L97: 2.25 | M97: 2.25 | N97: 2.25 | O97: 2.25 | P97: 2.25
A99: ATTAINMENT SCALE: 3 = ≥ 70% (Highly Attained) 2 = 50–69% (Moderately Attained) 1 = 35–49% (Partially Attained) 0 = < 35% (Not Attained) | CO-PO Mapping: 3=Strong 2=Moderate 1=Slight 0=No Relation

Sheet Mid & Assgn - B
A1: ANIL NEERUKONDA INSTITUTE OF TECHNOLOGY AND SCIENCES
A3: Department of Computer Science Engineering (Artificial Intelligence & Machine Learning)
A5: Course Outcome & Program Outcome Attainment - INTERNAL EXAMS
A7: ACADEMIC YEAR: 2025-26 | D7: BATCH: 2025-2029 | L7: COURSE CODE & TITLE: 23CM9201 - JAVA PROGRAMMING PRACTICES
A8: COURSE OUTCOMES: CO1 – CO4 | D8: YEAR, BRANCH & SECTION: 2/4 CSM-B | L8: CO TARGET: 2.25
A9: COURSE INSTRUCTOR(S): MR. S.YOGANANDH | D9: Total No. of Students: 75
A11: S No | B11: Register No. | C11: Student Name | D11: MID - 1 | N11: MID - 2 | Z11: Internal Lab | AC11: Weekly Analysis (10) | AD11: Record (10) | AE11: Attendance (5)
D12: CO1 | J12: CO2 | N12: CO3 | T12: CO4 | Z12: CO1 – CO4
D13: Q 1 | G13: Q 2 | J13: Q 3 | L13: Q 4 | N13: Q 1 | Q13: Q 2 | T13: Q 3 | W13: Q 4 | Z13: Write Up (10) | AA13: Execution (5) | AB13: Viva (5)
D14: a | E14: b | F14: c | G14: a | H14: b | I14: c | J14: a | K14: b | L14: a | M14: b | N14: a | O14: b | P14: c | Q14: a | R14: b | S14: c | T14: a | U14: b | V14: c | W14: a | X14: b | Y14: c
D15: 5 | E15: 5 | F15: 5 | G15: 5 | H15: 5 | I15: 5 | J15: 7 | K15: 8 | L15: 7 | M15: 8 | N15: 5 | O15: 5 | P15: 5 | Q15: 5 | R15: 5 | S15: 5 | T15: 5 | U15: 5 | V15: 5 | W15: 5 | X15: 5 | Y15: 5
A17: 1
A18: 2
A19: 3
A20: 4
A21: 5
A22: 6
A23: 7
A24: 8
A25: 9
A26: 10
A27: 11
A28: 12
... A91: 75
A92: CLASS AVERAGE | D92: =IFERROR(AVERAGE(D17:D91),"") | E92: =IFERROR(AVERAGE(E17:E91),"") | F92: =IFERROR(AVERAGE(F17:F91),"") | G92: =IFERROR(AVERAGE(G17:G91),"") | H92: =IFERROR(AVERAGE(H17:H91),"") | I92: =IFERROR(AVERAGE(I17:I91),"") | J92: =IFERROR(AVERAGE(J17:J91),"") | K92: =IFERROR(AVERAGE(K17:K91),"") | ... AE92: =IFERROR(AVERAGE(AE17:AE91),"")
A94: COURSE OUTCOME DEFINITIONS
A95: CO1: Recall the history of Java & demonstrate basic programs using Java language fundamentals
A96: CO2: Apply OOP concepts — classes, inheritance, polymorphism, wrapper classes, packages & strings
A97: CO3: Implement exception handling, multithreading & I/O stream operations
A98: CO4: Develop applications using Collections framework & Java standard libraries

Sheet CO Attainment - B
A1: ANIL NEERUKONDA INSTITUTE OF TECHNOLOGY AND SCIENCES
A3: Department of Computer Science Engineering (Artificial Intelligence & Machine Learning)
A5: Course Outcome & Program Outcome Attainment - INTERNAL EXAMS
A7: ACADEMIC YEAR: 2025-26 | D7: BATCH: 2025-2029 | L7: COURSE CODE: 23CM9201 - JAVA PROGRAMMING PRACTICES
A8: COURSE OUTCOMES: CO1 – CO4 | D8: YEAR, BRANCH & SECTION: 2/4 CSM-B | L8: CO TARGET: 2.25
A9: COURSE INSTRUCTOR(S): MR. S.YOGANANDH | D9: Total No. of Students: 75
A11: S No | B11: Register No. | C11: Student Name | D11: MID-1 (30M) | H11: MID-2 (30M) | L11: Internal Lab (20M) | O11: Weekly Analysis (10M) | P11: Record (10M) | Q11: Attendance (5M) | R11: Student-wise CO Attainment (3-Point Scale) | V11: External Lab Exam (CO1–CO4) | Z11: Internal Total | AA11: Overall Attainment
D12: CO1 (30M) | E12: CO2 (30M) | F12: Total (30M) | G12: Scaled (15M) | H12: CO3 (30M) | I12: CO4 (30M) | J12: Total (30M) | K12: Scaled (15M) | L12: Write Up (10M) | M12: Execution (5M) | N12: Viva (5M) | R12: CO1 | S12: CO2 | T12: CO3 | U12: CO4 | V12: CO1 | W12: CO2 | X12: CO3 | Y12: CO4
D13: Marks | E13: Marks | H13: Marks | I13: Marks
A14: 1 | B14: ='Mid & Assgn - B'!B17 -> 0 | C14: ='Mid & Assgn - B'!C17 -> 0 | D14: =IFERROR(SUM('Mid & Assgn - B'!D17:I17),0) -> 0 | E14: =IFERROR(SUM('Mid & Assgn - B'!J17:M17),0) -> 0 | F14: =D14+E14 -> 0 | G14: =IFERROR(ROUND(F14/30*15,2),0) -> 0 | H14: =IFERROR(SUM('Mid & Assgn - B'!N17:S17),0) -> 0 | I14: =IFERROR(SUM('Mid & Assgn - B'!T17:Y17),0) -> 0 | J14: =H14+I14 -> 0 | K14: =IFERROR(ROUND(J14/30*15,2),0) -> 0 | L14: ='Mid & Assgn - B'!Z17 -> 0 | M14: ='Mid & Assgn - B'!AA17 -> 0 | N14: ='Mid & Assgn - B'!AB17 -> 0 | O14: ='Mid & Assgn - B'!AC17 -> 0 | P14: ='Mid & Assgn - B'!AD17 -> 0 | Q14: ='Mid & Assgn - B'!AE17 -> 0 | R14: =IF(D14/30>=0.7,3,IF(D14/30>=0.5,2,IF(D14/30>=0.35,1,0))) -> 0 | S14: =IF(E14/30>=0.7,3,IF(E14/30>=0.5,2,IF(E14/30>=0.35,1,0))) -> 0 | T14: =IF(H14/30>=0.7,3,IF(H14/30>=0.5,2,IF(H14/30>=0.35,1,0))) -> 0 | U14: =IF(I14/30>=0.7,3,IF(I14/30>=0.5,2,IF(I14/30>=0.35,1,0))) -> 0 | Z14: =G14+K14+L14+M14+N14+O14+P14 -> 0 | AA14: =IFERROR(AVERAGE(R14:U14),0) -> 0
A15: 2 | B15: ='Mid & Assgn - B'!B18 -> 0 | C15: ='Mid & Assgn - B'!C18 -> 0 | D15: =IFERROR(SUM('Mid & Assgn - B'!D18:I18),0) -> 0 | E15: =IFERROR(SUM('Mid & Assgn - B'!J18:M18),0) -> 0 | F15: =D15+E15 -> 0 | G15: =IFERROR(ROUND(F15/30*15,2),0) -> 0 | H15: =IFERROR(SUM('Mid & Assgn - B'!N18:S18),0) -> 0 | I15: =IFERROR(SUM('Mid & Assgn - B'!T18:Y18),0) -> 0 | J15: =H15+I15 -> 0 | K15: =IFERROR(ROUND(J15/30*15,2),0) -> 0 | L15: ='Mid & Assgn - B'!Z18 -> 0 | M15: ='Mid & Assgn - B'!AA18 -> 0 | N15: ='Mid & Assgn - B'!AB18 -> 0 | O15: ='Mid & Assgn - B'!AC18 -> 0 | P15: ='Mid & Assgn - B'!AD18 -> 0 | Q15: ='Mid & Assgn - B'!AE18 -> 0 | R15: =IF(D15/30>=0.7,3,IF(D15/30>=0.5,2,IF(D15/30>=0.35,1,0))) -> 0 | S15: =IF(E15/30>=0.7,3,IF(E15/30>=0.5,2,IF(E15/30>=0.35,1,0))) -> 0 | T15: =IF(H15/30>=0.7,3,IF(H15/30>=0.5,2,IF(H15/30>=0.35,1,0))) -> 0 | U15: =IF(I15/30>=0.7,3,IF(I15/30>=0.5,2,IF(I15/30>=0.35,1,0))) -> 0 | Z15: =G15+K15+L15+M15+N15+O15+P15 -> 0 | AA15: =IFERROR(AVERAGE(R15:U15),0) -> 0
A16: 3 | B16: ='Mid & Assgn - B'!B19 -> 0 | C16: ='Mid & Assgn - B'!C19 -> 0 | D16: =IFERROR(SUM('Mid & Assgn - B'!D19:I19),0) -> 0 | E16: =IFERROR(SUM('Mid & Assgn - B'!J19:M19),0) -> 0 | F16: =D16+E16 -> 0 | G16: =IFERROR(ROUND(F16/30*15,2),0) -> 0 | H16: =IFERROR(SUM('Mid & Assgn - B'!N19:S19),0) -> 0 | I16: =IFERROR(SUM('Mid & Assgn - B'!T19:Y19),0) -> 0 | J16: =H16+I16 -> 0 | K16: =IFERROR(ROUND(J16/30*15,2),0) -> 0 | L16: ='Mid & Assgn - B'!Z19 -> 0 | M16: ='Mid & Assgn - B'!AA19 -> 0 | N16: ='Mid & Assgn - B'!AB19 -> 0 | O16: ='Mid & Assgn - B'!AC19 -> 0 | P16: ='Mid & Assgn - B'!AD19 -> 0 | Q16: ='Mid & Assgn - B'!AE19 -> 0 | R16: =IF(D16/30>=0.7,3,IF(D16/30>=0.5,2,IF(D16/30>=0.35,1,0))) -> 0 | S16: =IF(E16/30>=0.7,3,IF(E16/30>=0.5,2,IF(E16/30>=0.35,1,0))) -> 0 | T16: =IF(H16/30>=0.7,3,IF(H16/30>=0.5,2,IF(H16/30>=0.35,1,0))) -> 0 | U16: =IF(I16/30>=0.7,3,IF(I16/30>=0.5,2,IF(I16/30>=0.35,1,0))) -> 0 | Z16: =G16+K16+L16+M16+N16+O16+P16 -> 0 | AA16: =IFERROR(AVERAGE(R16:U16),0) -> 0
A17: 4 | B17: ='Mid & Assgn - B'!B20 -> 0 | C17: ='Mid & Assgn - B'!C20 -> 0 | D17: =IFERROR(SUM('Mid & Assgn - B'!D20:I20),0) -> 0 | E17: =IFERROR(SUM('Mid & Assgn - B'!J20:M20),0) -> 0 | F17: =D17+E17 -> 0 | G17: =IFERROR(ROUND(F17/30*15,2),0) -> 0 | H17: =IFERROR(SUM('Mid & Assgn - B'!N20:S20),0) -> 0 | I17: =IFERROR(SUM('Mid & Assgn - B'!T20:Y20),0) -> 0 | J17: =H17+I17 -> 0 | K17: =IFERROR(ROUND(J17/30*15,2),0) -> 0 | L17: ='Mid & Assgn - B'!Z20 -> 0 | M17: ='Mid & Assgn - B'!AA20 -> 0 | N17: ='Mid & Assgn - B'!AB20 -> 0 | O17: ='Mid & Assgn - B'!AC20 -> 0 | P17: ='Mid & Assgn - B'!AD20 -> 0 | Q17: ='Mid & Assgn - B'!AE20 -> 0 | R17: =IF(D17/30>=0.7,3,IF(D17/30>=0.5,2,IF(D17/30>=0.35,1,0))) -> 0 | S17: =IF(E17/30>=0.7,3,IF(E17/30>=0.5,2,IF(E17/30>=0.35,1,0))) -> 0 | T17: =IF(H17/30>=0.7,3,IF(H17/30>=0.5,2,IF(H17/30>=0.35,1,0))) -> 0 | U17: =IF(I17/30>=0.7,3,IF(I17/30>=0.5,2,IF(I17/30>=0.35,1,0))) -> 0 | Z17: =G17+K17+L17+M17+N17+O17+P17 -> 0 | AA17: =IFERROR(AVERAGE(R17:U17),0) -> 0
A18: 5 | B18: ='Mid & Assgn - B'!B21 -> 0 | C18: ='Mid & Assgn - B'!C21 -> 0 | D18: =IFERROR(SUM('Mid & Assgn - B'!D21:I21),0) -> 0 | E18: =IFERROR(SUM('Mid & Assgn - B'!J21:M21),0) -> 0 | F18: =D18+E18 -> 0 | G18: =IFERROR(ROUND(F18/30*15,2),0) -> 0 | H18: =IFERROR(SUM('Mid & Assgn - B'!N21:S21),0) -> 0 | I18: =IFERROR(SUM('Mid & Assgn - B'!T21:Y21),0) -> 0 | J18: =H18+I18 -> 0 | K18: =IFERROR(ROUND(J18/30*15,2),0) -> 0 | L18: ='Mid & Assgn - B'!Z21 -> 0 | M18: ='Mid & Assgn - B'!AA21 -> 0 | N18: ='Mid & Assgn - B'!AB21 -> 0 | O18: ='Mid & Assgn - B'!AC21 -> 0 | P18: ='Mid & Assgn - B'!AD21 -> 0 | Q18: ='Mid & Assgn - B'!AE21 -> 0 | R18: =IF(D18/30>=0.7,3,IF(D18/30>=0.5,2,IF(D18/30>=0.35,1,0))) -> 0 | S18: =IF(E18/30>=0.7,3,IF(E18/30>=0.5,2,IF(E18/30>=0.35,1,0))) -> 0 | T18: =IF(H18/30>=0.7,3,IF(H18/30>=0.5,2,IF(H18/30>=0.35,1,0))) -> 0 | U18: =IF(I18/30>=0.7,3,IF(I18/30>=0.5,2,IF(I18/30>=0.35,1,0))) -> 0 | Z18: =G18+K18+L18+M18+N18+O18+P18 -> 0 | AA18: =IFERROR(AVERAGE(R18:U18),0) -> 0
A19: 6 | B19: ='Mid & Assgn - B'!B22 -> 0 | C19: ='Mid & Assgn - B'!C22 -> 0 | D19: =IFERROR(SUM('Mid & Assgn - B'!D22:I22),0) -> 0 | E19: =IFERROR(SUM('Mid & Assgn - B'!J22:M22),0) -> 0 | F19: =D19+E19 -> 0 | G19: =IFERROR(ROUND(F19/30*15,2),0) -> 0 | H19: =IFERROR(SUM('Mid & Assgn - B'!N22:S22),0) -> 0 | I19: =IFERROR(SUM('Mid & Assgn - B'!T22:Y22),0) -> 0 | J19: =H19+I19 -> 0 | K19: =IFERROR(ROUND(J19/30*15,2),0) -> 0 | L19: ='Mid & Assgn - B'!Z22 -> 0 | M19: ='Mid & Assgn - B'!AA22 -> 0 | N19: ='Mid & Assgn - B'!AB22 -> 0 | O19: ='Mid & Assgn - B'!AC22 -> 0 | P19: ='Mid & Assgn - B'!AD22 -> 0 | Q19: ='Mid & Assgn - B'!AE22 -> 0 | R19: =IF(D19/30>=0.7,3,IF(D19/30>=0.5,2,IF(D19/30>=0.35,1,0))) -> 0 | S19: =IF(E19/30>=0.7,3,IF(E19/30>=0.5,2,IF(E19/30>=0.35,1,0))) -> 0 | T19: =IF(H19/30>=0.7,3,IF(H19/30>=0.5,2,IF(H19/30>=0.35,1,0))) -> 0 | U19: =IF(I19/30>=0.7,3,IF(I19/30>=0.5,2,IF(I19/30>=0.35,1,0))) -> 0 | Z19: =G19+K19+L19+M19+N19+O19+P19 -> 0 | AA19: =IFERROR(AVERAGE(R19:U19),0) -> 0
A20: 7 | B20: ='Mid & Assgn - B'!B23 -> 0 | C20: ='Mid & Assgn - B'!C23 -> 0 | D20: =IFERROR(SUM('Mid & Assgn - B'!D23:I23),0) -> 0 | E20: =IFERROR(SUM('Mid & Assgn - B'!J23:M23),0) -> 0 | F20: =D20+E20 -> 0 | G20: =IFERROR(ROUND(F20/30*15,2),0) -> 0 | H20: =IFERROR(SUM('Mid & Assgn - B'!N23:S23),0) -> 0 | I20: =IFERROR(SUM('Mid & Assgn - B'!T23:Y23),0) -> 0 | J20: =H20+I20 -> 0 | K20: =IFERROR(ROUND(J20/30*15,2),0) -> 0 | L20: ='Mid & Assgn - B'!Z23 -> 0 | M20: ='Mid & Assgn - B'!AA23 -> 0 | N20: ='Mid & Assgn - B'!AB23 -> 0 | O20: ='Mid & Assgn - B'!AC23 -> 0 | P20: ='Mid & Assgn - B'!AD23 -> 0 | Q20: ='Mid & Assgn - B'!AE23 -> 0 | R20: =IF(D20/30>=0.7,3,IF(D20/30>=0.5,2,IF(D20/30>=0.35,1,0))) -> 0 | S20: =IF(E20/30>=0.7,3,IF(E20/30>=0.5,2,IF(E20/30>=0.35,1,0))) -> 0 | T20: =IF(H20/30>=0.7,3,IF(H20/30>=0.5,2,IF(H20/30>=0.35,1,0))) -> 0 | U20: =IF(I20/30>=0.7,3,IF(I20/30>=0.5,2,IF(I20/30>=0.35,1,0))) -> 0 | Z20: =G20+K20+L20+M20+N20+O20+P20 -> 0 | AA20: =IFERROR(AVERAGE(R20:U20),0) -> 0
A21: 8 | B21: ='Mid & Assgn - B'!B24 -> 0 | C21: ='Mid & Assgn - B'!C24 -> 0 | D21: =IFERROR(SUM('Mid & Assgn - B'!D24:I24),0) -> 0 | E21: =IFERROR(SUM('Mid & Assgn - B'!J24:M24),0) -> 0 | F21: =D21+E21 -> 0 | G21: =IFERROR(ROUND(F21/30*15,2),0) -> 0 | H21: =IFERROR(SUM('Mid & Assgn - B'!N24:S24),0) -> 0 | I21: =IFERROR(SUM('Mid & Assgn - B'!T24:Y24),0) -> 0 | J21: =H21+I21 -> 0 | K21: =IFERROR(ROUND(J21/30*15,2),0) -> 0 | L21: ='Mid & Assgn - B'!Z24 -> 0 | M21: ='Mid & Assgn - B'!AA24 -> 0 | N21: ='Mid & Assgn - B'!AB24 -> 0 | O21: ='Mid & Assgn - B'!AC24 -> 0 | P21: ='Mid & Assgn - B'!AD24 -> 0 | Q21: ='Mid & Assgn - B'!AE24 -> 0 | R21: =IF(D21/30>=0.7,3,IF(D21/30>=0.5,2,IF(D21/30>=0.35,1,0))) -> 0 | S21: =IF(E21/30>=0.7,3,IF(E21/30>=0.5,2,IF(E21/30>=0.35,1,0))) -> 0 | T21: =IF(H21/30>=0.7,3,IF(H21/30>=0.5,2,IF(H21/30>=0.35,1,0))) -> 0 | U21: =IF(I21/30>=0.7,3,IF(I21/30>=0.5,2,IF(I21/30>=0.35,1,0))) -> 0 | Z21: =G21+K21+L21+M21+N21+O21+P21 -> 0 | AA21: =IFERROR(AVERAGE(R21:U21),0) -> 0
A22: 9 | B22: ='Mid & Assgn - B'!B25 -> 0 | C22: ='Mid & Assgn - B'!C25 -> 0 | D22: =IFERROR(SUM('Mid & Assgn - B'!D25:I25),0) -> 0 | E22: =IFERROR(SUM('Mid & Assgn - B'!J25:M25),0) -> 0 | F22: =D22+E22 -> 0 | G22: =IFERROR(ROUND(F22/30*15,2),0) -> 0 | H22: =IFERROR(SUM('Mid & Assgn - B'!N25:S25),0) -> 0 | I22: =IFERROR(SUM('Mid & Assgn - B'!T25:Y25),0) -> 0 | J22: =H22+I22 -> 0 | K22: =IFERROR(ROUND(J22/30*15,2),0) -> 0 | L22: ='Mid & Assgn - B'!Z25 -> 0 | M22: ='Mid & Assgn - B'!AA25 -> 0 | N22: ='Mid & Assgn - B'!AB25 -> 0 | O22: ='Mid & Assgn - B'!AC25 -> 0 | P22: ='Mid & Assgn - B'!AD25 -> 0 | Q22: ='Mid & Assgn - B'!AE25 -> 0 | R22: =IF(D22/30>=0.7,3,IF(D22/30>=0.5,2,IF(D22/30>=0.35,1,0))) -> 0 | S22: =IF(E22/30>=0.7,3,IF(E22/30>=0.5,2,IF(E22/30>=0.35,1,0))) -> 0 | T22: =IF(H22/30>=0.7,3,IF(H22/30>=0.5,2,IF(H22/30>=0.35,1,0))) -> 0 | U22: =IF(I22/30>=0.7,3,IF(I22/30>=0.5,2,IF(I22/30>=0.35,1,0))) -> 0 | Z22: =G22+K22+L22+M22+N22+O22+P22 -> 0 | AA22: =IFERROR(AVERAGE(R22:U22),0) -> 0
A23: 10 | B23: ='Mid & Assgn - B'!B26 -> 0 | C23: ='Mid & Assgn - B'!C26 -> 0 | D23: =IFERROR(SUM('Mid & Assgn - B'!D26:I26),0) -> 0 | E23: =IFERROR(SUM('Mid & Assgn - B'!J26:M26),0) -> 0 | F23: =D23+E23 -> 0 | G23: =IFERROR(ROUND(F23/30*15,2),0) -> 0 | H23: =IFERROR(SUM('Mid & Assgn - B'!N26:S26),0) -> 0 | I23: =IFERROR(SUM('Mid & Assgn - B'!T26:Y26),0) -> 0 | J23: =H23+I23 -> 0 | K23: =IFERROR(ROUND(J23/30*15,2),0) -> 0 | L23: ='Mid & Assgn - B'!Z26 -> 0 | M23: ='Mid & Assgn - B'!AA26 -> 0 | N23: ='Mid & Assgn - B'!AB26 -> 0 | O23: ='Mid & Assgn - B'!AC26 -> 0 | P23: ='Mid & Assgn - B'!AD26 -> 0 | Q23: ='Mid & Assgn - B'!AE26 -> 0 | R23: =IF(D23/30>=0.7,3,IF(D23/30>=0.5,2,IF(D23/30>=0.35,1,0))) -> 0 | S23: =IF(E23/30>=0.7,3,IF(E23/30>=0.5,2,IF(E23/30>=0.35,1,0))) -> 0 | T23: =IF(H23/30>=0.7,3,IF(H23/30>=0.5,2,IF(H23/30>=0.35,1,0))) -> 0 | U23: =IF(I23/30>=0.7,3,IF(I23/30>=0.5,2,IF(I23/30>=0.35,1,0))) -> 0 | Z23: =G23+K23+L23+M23+N23+O23+P23 -> 0 | AA23: =IFERROR(AVERAGE(R23:U23),0) -> 0
A24: 11 | B24: ='Mid & Assgn - B'!B27 -> 0 | C24: ='Mid & Assgn - B'!C27 -> 0 | D24: =IFERROR(SUM('Mid & Assgn - B'!D27:I27),0) -> 0 | E24: =IFERROR(SUM('Mid & Assgn - B'!J27:M27),0) -> 0 | F24: =D24+E24 -> 0 | G24: =IFERROR(ROUND(F24/30*15,2),0) -> 0 | H24: =IFERROR(SUM('Mid & Assgn - B'!N27:S27),0) -> 0 | I24: =IFERROR(SUM('Mid & Assgn - B'!T27:Y27),0) -> 0 | J24: =H24+I24 -> 0 | K24: =IFERROR(ROUND(J24/30*15,2),0) -> 0 | L24: ='Mid & Assgn - B'!Z27 -> 0 | M24: ='Mid & Assgn - B'!AA27 -> 0 | N24: ='Mid & Assgn - B'!AB27 -> 0 | O24: ='Mid & Assgn - B'!AC27 -> 0 | P24: ='Mid & Assgn - B'!AD27 -> 0 | Q24: ='Mid & Assgn - B'!AE27 -> 0 | R24: =IF(D24/30>=0.7,3,IF(D24/30>=0.5,2,IF(D24/30>=0.35,1,0))) -> 0 | S24: =IF(E24/30>=0.7,3,IF(E24/30>=0.5,2,IF(E24/30>=0.35,1,0))) -> 0 | T24: =IF(H24/30>=0.7,3,IF(H24/30>=0.5,2,IF(H24/30>=0.35,1,0))) -> 0 | U24: =IF(I24/30>=0.7,3,IF(I24/30>=0.5,2,IF(I24/30>=0.35,1,0))) -> 0 | Z24: =G24+K24+L24+M24+N24+O24+P24 -> 0 | AA24: =IFERROR(AVERAGE(R24:U24),0) -> 0
A25: 12 | B25: ='Mid & Assgn - B'!B28 -> 0 | C25: ='Mid & Assgn - B'!C28 -> 0 | D25: =IFERROR(SUM('Mid & Assgn - B'!D28:I28),0) -> 0 | E25: =IFERROR(SUM('Mid & Assgn - B'!J28:M28),0) -> 0 | F25: =D25+E25 -> 0 | G25: =IFERROR(ROUND(F25/30*15,2),0) -> 0 | H25: =IFERROR(SUM('Mid & Assgn - B'!N28:S28),0) -> 0 | I25: =IFERROR(SUM('Mid & Assgn - B'!T28:Y28),0) -> 0 | J25: =H25+I25 -> 0 | K25: =IFERROR(ROUND(J25/30*15,2),0) -> 0 | L25: ='Mid & Assgn - B'!Z28 -> 0 | M25: ='Mid & Assgn - B'!AA28 -> 0 | N25: ='Mid & Assgn - B'!AB28 -> 0 | O25: ='Mid & Assgn - B'!AC28 -> 0 | P25: ='Mid & Assgn - B'!AD28 -> 0 | Q25: ='Mid & Assgn - B'!AE28 -> 0 | R25: =IF(D25/30>=0.7,3,IF(D25/30>=0.5,2,IF(D25/30>=0.35,1,0))) -> 0 | S25: =IF(E25/30>=0.7,3,IF(E25/30>=0.5,2,IF(E25/30>=0.35,1,0))) -> 0 | T25: =IF(H25/30>=0.7,3,IF(H25/30>=0.5,2,IF(H25/30>=0.35,1,0))) -> 0 | U25: =IF(I25/30>=0.7,3,IF(I25/30>=0.5,2,IF(I25/30>=0.35,1,0))) -> 0 | Z25: =G25+K25+L25+M25+N25+O25+P25 -> 0 | AA25: =IFERROR(AVERAGE(R25:U25),0) -> 0
... A88: 75 | B88: ='Mid & Assgn - B'!B91 -> 0 | C88: ='Mid & Assgn - B'!C91 -> 0 | D88: =IFERROR(SUM('Mid & Assgn - B'!D91:I91),0) -> 0 | E88: =IFERROR(SUM('Mid & Assgn - B'!J91:M91),0) -> 0 | F88: =D88+E88 -> 0 | G88: =IFERROR(ROUND(F88/30*15,2),0) -> 0 | H88: =IFERROR(SUM('Mid & Assgn - B'!N91:S91),0) -> 0 | I88: =IFERROR(SUM('Mid & Assgn - B'!T91:Y91),0) -> 0 | J88: =H88+I88 -> 0 | K88: =IFERROR(ROUND(J88/30*15,2),0) -> 0 | L88: ='Mid & Assgn - B'!Z91 -> 0 | M88: ='Mid & Assgn - B'!AA91 -> 0 | N88: ='Mid & Assgn - B'!AB91 -> 0 | O88: ='Mid & Assgn - B'!AC91 -> 0 | P88: ='Mid & Assgn - B'!AD91 -> 0 | Q88: ='Mid & Assgn - B'!AE91 -> 0 | R88: =IF(D88/30>=0.7,3,IF(D88/30>=0.5,2,IF(D88/30>=0.35,1,0))) -> 0 | S88: =IF(E88/30>=0.7,3,IF(E88/30>=0.5,2,IF(E88/30>=0.35,1,0))) -> 0 | T88: =IF(H88/30>=0.7,3,IF(H88/30>=0.5,2,IF(H88/30>=0.35,1,0))) -> 0 | U88: =IF(I88/30>=0.7,3,IF(I88/30>=0.5,2,IF(I88/30>=0.35,1,0))) -> 0 | Z88: =G88+K88+L88+M88+N88+O88+P88 -> 0 | AA88: =IFERROR(AVERAGE(R88:U88),0) -> 0
A89: CLASS CO ATTAINMENT | D89: =IFERROR(AVERAGE(D14:D88),"") -> 0 | E89: =IFERROR(AVERAGE(E14:E88),"") -> 0 | F89: =IFERROR(AVERAGE(F14:F88),"") -> 0 | G89: =IFERROR(AVERAGE(G14:G88),"") -> 0 | H89: =IFERROR(AVERAGE(H14:H88),"") -> 0 | I89: =IFERROR(AVERAGE(I14:I88),"") -> 0 | J89: =IFERROR(AVERAGE(J14:J88),"") -> 0 | K89: =IFERROR(AVERAGE(K14:K88),"") -> 0 | ... AA89: =IFERROR(AVERAGE(AA14:AA88),"") -> 0
A91: CO-PO / CO-PSO MAPPING MATRIX
A92: CO \ PO | B92: PO1 | C92: PO2 | D92: PO3 | E92: PO4 | F92: PO5 | G92: PO6 | H92: PO7 | I92: PO8 | J92: PO9 | K92: PO10 | L92: PO11 | M92: PO12 | N92: PSO1 | O92: PSO2 | P92: CO Attainment
A93: CO1 | B93: 3 | C93: 2 | M93: 1 | N93: 3 | O93: 2 | P93: =R89 -> 0
A94: CO2 | B94: 3 | C94: 3 | D94: 2 | M94: 1 | N94: 3 | O94: 2 | P94: =S89 -> 0
A95: CO3 | B95: 3 | C95: 2 | D95: 3 | E95: 1 | M95: 1 | N95: 3 | O95: 2 | P95: =T89 -> 0
A96: CO4 | B96: 3 | C96: 2 | D96: 2 | E96: 1 | F96: 2 | M96: 1 | N96: 3 | O96: 3 | P96: =U89 -> 0
A97: CO TARGET | B97: 2.25 | C97: 2.25 | D97: 2.25 | E97: 2.25 | F97: 2.25 | G97: 2.25 | H97: 2.25 | I97: 2.25 | J97: 2.25 | K97: 2.25 | L97: 2.25 | M97: 2.25 | N97: 2.25 | O97: 2.25 | P97: 2.25
A99: ATTAINMENT SCALE: 3 = ≥ 70% (Highly Attained) 2 = 50–69% (Moderately Attained) 1 = 35–49% (Partially Attained) 0 = < 35% (Not Attained) | CO-PO Mapping: 3=Strong 2=Moderate 1=Slight 0=No Relation
